/*
Navicat MySQL Data Transfer

Source Server         : security
Source Server Version : 50621
Source Host           : localhost:3306
Source Database       : security1

Target Server Type    : MYSQL
Target Server Version : 50621
File Encoding         : 65001

Date: 2018-07-21 11:04:33
*/

SET FOREIGN_KEY_CHECKS=0;

-- ----------------------------
-- Table structure for `sys_permission`
-- ----------------------------
DROP TABLE IF EXISTS `sys_permission`;
CREATE TABLE `sys_permission` (
  `id` int(11) NOT NULL AUTO_INCREMENT,
  `name` varchar(60) DEFAULT NULL,
  `description` varchar(60) DEFAULT NULL,
  `url` varchar(120) DEFAULT NULL,
  `pid` int(11) DEFAULT NULL,
  PRIMARY KEY (`id`)
) ENGINE=InnoDB AUTO_INCREMENT=3 DEFAULT CHARSET=utf8;

-- ----------------------------
-- Records of sys_permission
-- ----------------------------
INSERT INTO `sys_permission` VALUES ('1', 'ROLE_HOME', 'home', '/', null);
INSERT INTO `sys_permission` VALUES ('2', 'ROLE_ADMIN', 'ABel', '/admin', null);

-- ----------------------------
-- Table structure for `sys_permission_role`
-- ----------------------------
DROP TABLE IF EXISTS `sys_permission_role`;
CREATE TABLE `sys_permission_role` (
  `id` int(11) NOT NULL,
  `role_id` int(11) DEFAULT NULL,
  `permission_id` int(11) DEFAULT NULL,
  PRIMARY KEY (`id`)
) ENGINE=InnoDB DEFAULT CHARSET=utf8;

-- ----------------------------
-- Records of sys_permission_role
-- ----------------------------
INSERT INTO `sys_permission_role` VALUES ('1', '1', '1');
INSERT INTO `sys_permission_role` VALUES ('2', '1', '2');
INSERT INTO `sys_permission_role` VALUES ('3', '2', '1');

-- ----------------------------
-- Table structure for `sys_role`
-- ----------------------------
DROP TABLE IF EXISTS `sys_role`;
CREATE TABLE `sys_role` (
  `id` int(11) NOT NULL AUTO_INCREMENT,
  `name` varchar(30) DEFAULT NULL,
  PRIMARY KEY (`id`)
) ENGINE=InnoDB AUTO_INCREMENT=3 DEFAULT CHARSET=utf8 ROW_FORMAT=COMPACT;

-- ----------------------------
-- Records of sys_role
-- ----------------------------
INSERT INTO `sys_role` VALUES ('1', 'ROLE_ADMIN');
INSERT INTO `sys_role` VALUES ('2', 'ROLE_USER');

-- ----------------------------
-- Table structure for `sys_role_user`
-- ----------------------------
DROP TABLE IF EXISTS `sys_role_user`;
CREATE TABLE `sys_role_user` (
  `id` int(11) NOT NULL AUTO_INCREMENT,
  `sys_user_id` int(11) DEFAULT NULL,
  `sys_role_id` int(11) DEFAULT NULL,
  PRIMARY KEY (`id`)
) ENGINE=InnoDB AUTO_INCREMENT=3 DEFAULT CHARSET=utf8 ROW_FORMAT=COMPACT;

-- ----------------------------
-- Records of sys_role_user
-- ----------------------------
INSERT INTO `sys_role_user` VALUES ('1', '1', '1');
INSERT INTO `sys_role_user` VALUES ('2', '2', '2');

-- ----------------------------
-- Table structure for `sys_user`
-- ----------------------------
DROP TABLE IF EXISTS `sys_user`;
CREATE TABLE `sys_user` (
  `id` int(11) NOT NULL AUTO_INCREMENT,
  `username` varchar(30) DEFAULT NULL,
  `password` varchar(60) DEFAULT NULL,
  PRIMARY KEY (`id`)
) ENGINE=InnoDB AUTO_INCREMENT=3 DEFAULT CHARSET=utf8 ROW_FORMAT=COMPACT;

-- ----------------------------
-- Records of sys_user
-- ----------------------------
INSERT INTO `sys_user` VALUES ('1', 'admin', 'admin');
INSERT INTO `sys_user` VALUES ('2', 'abel', 'abel');
